Sport event,Average view count
FIFA World Cup,426137.01531862747
NBA Finals,131716.1448692153
Olympics,94457.54289503214
Others,59817.37653166949
